-- =========================================
-- PROJECT 2: E-COMMERCE ANALYSIS (JOIN)
-- =========================================

-- STEP 1: Create Database
CREATE DATABASE ecommerce_project;
USE ecommerce_project;

-- =========================================
-- STEP 2: Create Tables
-- =========================================

-- Customers Table
CREATE TABLE customers (
    customer_id INT PRIMARY KEY,
    name VARCHAR(50),
    city VARCHAR(50)
);

-- Orders Table
CREATE TABLE orders (                       
    order_id INT PRIMARY KEY,
    customer_id INT,
    order_date DATE
);


-- Order Details Table
CREATE TABLE order_details (
    order_id INT,
    product VARCHAR(50),
    quantity INT,
    price INT
);
-- =========================================
-- STEP 3: Insert Data
-- =========================================

-- Customers
INSERT INTO customers VALUES
(1, 'Amit', 'Pune'),
(2, 'Sneha', 'Mumbai'),
(3, 'Rahul', 'Delhi'),
(4, 'Priya', 'Pune'),
(5, 'Neha', 'Mumbai'),
(6, 'Karan', 'Delhi');

-- Orders
INSERT INTO orders VALUES
(101, 1, '2024-01-10'),
(102, 2, '2024-01-12'),
(103, 1, '2024-02-05'),
(104, 3, '2024-02-10'),
(105, 2, '2024-03-01'),
(106, 4, '2024-03-05'),
(107, 3, '2024-03-10');

-- Order Details
INSERT INTO order_details VALUES
(101, 'Mobile', 1, 15000),
(102, 'Laptop', 1, 50000),
(103, 'Headphones', 2, 2000),
(104, 'Shoes', 1, 3000),
(105, 'Bag', 2, 2000),
(106, 'Laptop', 1, 52000),
(107, 'T-shirt', 3, 500);

--Q1: Total Revenue

--👉 Hint:

--JOIN orders + order_details
SELECT SUM(price * quantity) AS total_revenue
FROM orders o
INNER JOIN order_details od
ON o.order_id = od.order_id;

--Q2: Revenue per customer

--👉 customers + orders + order_details

SELECT c.name,
       SUM(od.price * od.quantity) AS total_revenue
FROM customers c
JOIN orders o 
  ON c.customer_id = o.customer_id
JOIN order_details od 
  ON o.order_id = od.order_id
GROUP BY c.name
ORDER BY total_revenue DESC;

--Q3: Top 3 customers by spending

SELECT c.name,
       SUM(od.price * od.quantity) AS total_spent
FROM customers c
JOIN orders o 
  ON c.customer_id = o.customer_id
JOIN order_details od 
  ON o.order_id = od.order_id
GROUP BY c.name
ORDER BY total_spent DESC
LIMIT 3;

--Q4:

--👉 Customers with NO orders

--(Hint: LEFT JOIN + NULL)

SELECT c.name
FROM customers c
LEFT JOIN orders o 
  ON c.customer_id = o.customer_id
WHERE o.order_id IS NULL;


--Q5: Most Sold Product
SELECT product, SUM(quantity) AS total_sold
FROM order_details
GROUP BY product
ORDER BY total_sold DESC limit 1;


--Q6: Monthly Revenue
SELECT MONTH(o.order_date) AS month,
       SUM(od.price * od.quantity) AS total_revenue
FROM orders o
JOIN order_details od 
  ON o.order_id = od.order_id
GROUP BY MONTH(o.order_date)
ORDER BY total_revenue DESC;

--🔥 Q7:

👉 City-wise revenue

SELECT c.city,
       SUM(od.price * od.quantity) AS Total_revenue
FROM customers c
JOIN orders o 
  ON c.customer_id = o.customer_id
JOIN order_details od 
  ON o.order_id = od.order_id
GROUP BY c.city
ORDER BY Total_revenue DESC;

--🎯 Q8: Customer Lifetime Value

--👉 Meaning:

--Total revenue generated by each customer (across all orders)

SELECT c.name,
       SUM(od.price * od.quantity) AS customer_lifetime_value
FROM customers c
JOIN orders o 
  ON c.customer_id = o.customer_id
JOIN order_details od 
  ON o.order_id = od.order_id
GROUP BY c.name
ORDER BY customer_lifetime_value DESC;
